Aubin label,Patrick label,Aubin measured Tm (ratio fitting),Tm (Patrick)
51Dro,NbD2,65.29060424,62.9
40Dro,NbPep27,89.99999719,86.2
6Lla,NbPep55,77.36253325,74.7
26Dro,NbPep7,69.7612667,69.5
25Dro,NbD9,64.60621391,64.1
3Dro,NbD5,56.05835352,55.1