method,trial,fin_pearson_train,std_pearson_train,fin_spearman_train,std_spearman_train,fin_mae_train,std_mae_train,fin_std_ratio_train,std_std_ratio_train,fin_pearson_test,std_pearson_test,fin_spearman_test,std_spearman_test,fin_mae_test,std_mae_test,fin_std_ratio_test,std_std_ratio_test
ridge,tm_1,0.8396666666666667,0.003399346342395193,0.816,0.0035590260840103883,4.2123333333333335,0.017987650084309317,0.839,0.0029439202887759515,0.8403333333333333,0.003299831645537225,0.8156666666666667,0.0036817870057290433,4.254666666666666,0.02740235188608621,0.8416666666666667,0.004027681991198194
ridge,tm_2,0.8403333333333333,0.0038586123009300786,0.815,0.0035590260840103883,4.193666666666666,0.032998316455371934,0.839,0.0035590260840104404,0.838,0.0032659863237109073,0.8140000000000001,0.004320493798938526,4.264666666666667,0.02984776187403132,0.8496666666666667,0.012498888839501794
ridge,tm_3,0.8433333333333333,0.0030912061651652374,0.8196666666666665,0.00368178700572909,4.152333333333333,0.01837268503936099,0.8396666666666666,0.002624669291337273,0.8409999999999999,0.004082482904638634,0.8183333333333334,0.0012472191289246482,4.236666666666667,0.03542441091802228,0.8513333333333334,0.008576453553512412
ridge,tm_4,0.8466666666666667,0.0024944382578492965,0.8213333333333334,0.002867441755680878,4.13,0.03837533930360289,0.842,0.0035590260840104404,0.8443333333333333,0.004189935029992182,0.8193333333333332,0.004189935029992182,4.2043333333333335,0.02994810326028799,0.8449999999999999,0.006976149845485456
ridge,tm_5,0.852,0.008602325267042634,0.8316666666666667,0.012256517540566834,4.076333333333333,0.09809292646374766,0.8426666666666666,0.012970050972229157,0.848,0.01067707825203132,0.8283333333333333,0.014613540144521995,4.16,0.11630133275246665,0.8526666666666666,0.01517307556898807
ridge,tm_6,0.8573333333333334,0.005557777333511028,0.8373333333333332,0.007408703590297629,4.027666666666667,0.06205553068735193,0.844,0.016062378404209026,0.8530000000000001,0.007118052168020881,0.8343333333333334,0.011145502331533668,4.12,0.09677809669548171,0.8523333333333333,0.014197026292697916
ridge,tm_7,0.8553333333333333,0.007586537784494035,0.8346666666666666,0.009741092797468313,4.027,0.06480740698407866,0.8526666666666666,0.008178562764256872,0.8523333333333333,0.00910433352249845,0.8323333333333333,0.012498888839501794,4.115333333333333,0.11214970154019833,0.8616666666666667,0.012498888839501794
